,bank_name,Review,service_type,Address
0,Gateway Mortgage,5471 reviews · TrustScore 4.9,Mortgage Lender ·Bank ,244 South Gateway Place·74037 Jenks
1,DuGood Credit Union,1886 reviews · TrustScore 4.9,Bank ·Financial Consultant ,7505 Eastex Frwy·77708 Beaumont
2,Network Capital Funding,572 reviews · TrustScore 4.9,Bank ·Financial Consultant ,"5 Park Plaza, #800·92614 Irvine"
3,Eloan,1685 reviews · TrustScore 4.8,Bank ·Financial Consultant ,209 Ponce de Leon Avenue·00918 San Juan
4,Affinity Beyond Capital,144 reviews · TrustScore 4.8,Financial Institution ·Alternative Financial Service ·Bank ·Credit Counseling Service ·Finance Broker ·Financial Consultant ·Investment Company ·Loan Agency ·Non-Bank Financial Service ,70 E Sunrise Hwy Ste 500·11581 Valley Stream
5,"LEAF Commercial Capital, Inc.",663 reviews · TrustScore 4.7,Bank ·Financial Consultant ,"One Commerce Square, 2005 Market Street, 14th Floor·19103 Philadelphia"
6,BankFive,1488 reviews · TrustScore 4.6,Bank ·Financial Institution ·Mortgage Lender ·Savings Bank ,"79 North Main Street·02720 Fall River, MA"
7,Marlin Capital Solutions,562 reviews · TrustScore 4.6,Non-Bank Financial Service ·Bank ·Financial Consultant ,300 Fellowship Road·08054 Mount Laurel
8,EECU Credit Union,522 reviews · TrustScore 4.6,Bank , 1617 West 7th St·76102 Fort Worth
9,CIT ,264 reviews · TrustScore 4.5,Bank ·Financial Consultant ,155 Commerce Way·03801 Portsmouth
10,Carousel Checks,17899 reviews · TrustScore 4.4,Bank ·Commercial Printer ·Financial Consultant ,11152 Southwest Hwy·60465 Palos Hills
11,Azlo,393 reviews · TrustScore 3.8,Bank ·Financial Consultant ,201 Mission St·94105 San Francisco
12,Western Union,18075 reviews · TrustScore 3,Bank ·Financial Consultant ·Money Transfer Service ,P. O. Box 6036·80112 Englewood
